Name,
3D_glasses,
Aviator_shades,
Bad_bro's_stache,
Ballroom_mask,
Bandage,
Beak,
Big_bro's_mustache,
Blue_frames,
Brown_glasses,
Cucumber_pack,
Curly_mustache,
Cyber_shades,
Doctor's_mask,
Doctor's_mirror,
Eye_mask,
Eye_patch,
Facial_mask,
Funky_glasses,
Funny_glasses,
Gas_mask,
Goggles,
Gracie_glasses,
Green_glasses,
Heart_shades,
HMD,
Hockey_mask,
Huge_shades,
Jester's_mask,
King's_beard,
Ladder_shades,
Leaf,
Lemon_pack,
Masquerade_mask,
Mint_glasses,
Monocle,
Oval_shades,
Pacifier,
Pilot_shades,
Pink_glasses,
Post-op_patch,
Purple_glasses,
Red_glasses,
Red_nose,
Rimmed_glasses,
Round_glasses,
Santa_beard,
Silver_frames,
Snorkel_mask,
Sporty_shades,
Stache_&_glasses,
Star_shades,
Steampunk_glasses,
Superhero_mask,
Thick_glasses,
Tiny_shades,
Tortoise_specs,
Triangle_shades,
Yellow_glasses,
